{
	"carName": "ferrari_488_gt3_evo",
	"basicSetup":
	{
		"tyres":
		{
			"tyreCompound": 0,
			"tyrePressure": [ 57, 66, 55, 63 ]
		},
		"alignment":
		{
			"camber": [ 0, 0, 0, 0 ],
			"toe": [ 13, 13, 10, 10 ],
			"staticCamber": [ -3.2197022438049316, -3.2153806686401367, -2.3566648960113525, -2.3502068519592285 ],
			"toeOutLinear": [ 0.0015021023573353887, 0.0015021009603515267, -0.0012981081381440163, -0.0012979991734027863 ],
			"casterLF": 53,
			"casterRF": 53,
			"steerRatio": 4
		},
		"electronics":
		{
			"tC1": 9,
			"tC2": 0,
			"abs": 5,
			"eCUMap": 0,
			"fuelMix": 0,
			"telemetryLaps": 69
		},
		"strategy":
		{
			"fuel": 45,
			"nPitStops": 0,
			"tyreSet": 14,
			"frontBrakePadCompound": 0,
			"rearBrakePadCompound": 0,
			"pitStrategy": [
				{
					"fuelToAdd": 0,
					"tyres":
					{
						"tyreCompound": 0,
						"tyrePressure": [ 57, 66, 55, 63 ]
					},
					"tyreSet": 2,
					"frontBrakePadCompound": 1,
					"rearBrakePadCompound": 1
				}
			],
			"fuelPerLap": 2.9080581665039063
		}
	},
	"advancedSetup":
	{
		"mechanicalBalance":
		{
			"aRBFront": 26,
			"aRBRear": 14,
			"wheelRate": [ 7, 7, 5, 5 ],
			"bumpStopRateUp": [ 7, 7, 2, 2 ],
			"bumpStopRateDn": [ 0, 0, 10, 10 ],
			"bumpStopWindow": [ 6, 6, 10, 10 ],
			"brakeTorque": 20,
			"brakeBias": 32
		},
		"dampers":
		{
			"bumpSlow": [ 9, 9, 3, 3 ],
			"bumpFast": [ 4, 4, 3, 3 ],
			"reboundSlow": [ 5, 5, 6, 6 ],
			"reboundFast": [ 6, 6, 4, 4 ]
		},
		"aeroBalance":
		{
			"rideHeight": [ 5, 6, 7, 18 ],
			"rodLength": [ -28.824466705322266, -28.824466705322266, -21.469989776611328, -21.469989776611328 ],
			"splitter": 0,
			"rearWing": 2,
			"brakeDuct": [ 3, 3 ]
		},
		"drivetrain":
		{
			"preload": 4
		}
	},
	"trackBopType": 32
}