{
	"carName": "ferrari_488_gt3_evo",
	"basicSetup":
	{
		"tyres":
		{
			"tyreCompound": 0,
			"tyrePressure": [ 52, 68, 55, 65 ]
		},
		"alignment":
		{
			"camber": [ 0, 0, 0, 0 ],
			"toe": [ 10, 10, 2, 2 ],
			"staticCamber": [ -3.2268028259277344, -3.2185056209564209, -2.6224939823150635, -2.6144492626190186 ],
			"toeOutLinear": [ 0.0016046246746554971, 0.0016046275850385427, -0.001378531102091074, -0.001378533081151545 ],
			"casterLF": 53,
			"casterRF": 53,
			"steerRatio": 4
		},
		"electronics":
		{
			"tC1": 9,
			"tC2": 0,
			"abs": 5,
			"eCUMap": 0,
			"fuelMix": 0,
			"telemetryLaps": 6
		},
		"strategy":
		{
			"fuel": 44,
			"nPitStops": 0,
			"tyreSet": 14,
			"frontBrakePadCompound": 0,
			"rearBrakePadCompound": 0,
			"pitStrategy": [
				{
					"fuelToAdd": 0,
					"tyres":
					{
						"tyreCompound": 0,
						"tyrePressure": [ 52, 68, 55, 65 ]
					},
					"tyreSet": 2,
					"frontBrakePadCompound": 1,
					"rearBrakePadCompound": 1
				}
			],
			"fuelPerLap": 2.1669771671295166
		}
	},
	"advancedSetup":
	{
		"mechanicalBalance":
		{
			"aRBFront": 36,
			"aRBRear": 12,
			"wheelRate": [ 6, 6, 4, 4 ],
			"bumpStopRateUp": [ 5, 5, 11, 11 ],
			"bumpStopRateDn": [ 0, 0, 10, 10 ],
			"bumpStopWindow": [ 2, 2, 22, 22 ],
			"brakeTorque": 20,
			"brakeBias": 35
		},
		"dampers":
		{
			"bumpSlow": [ 7, 7, 5, 5 ],
			"bumpFast": [ 9, 9, 8, 8 ],
			"reboundSlow": [ 9, 9, 7, 7 ],
			"reboundFast": [ 6, 6, 5, 5 ]
		},
		"aeroBalance":
		{
			"rideHeight": [ 5, 6, 17, 18 ],
			"rodLength": [ -27.771335601806641, -27.771335601806641, -10.969783782958984, -10.969783782958984 ],
			"splitter": 0,
			"rearWing": 14,
			"brakeDuct": [ 3, 2 ]
		},
		"drivetrain":
		{
			"preload": 12
		}
	},
	"trackBopType": 36
}