{
	"carName": "ferrari_488_gt3_evo",
	"basicSetup":
	{
		"tyres":
		{
			"tyreCompound": 1,
			"tyrePressure": [ 67, 66, 67, 67 ]
		},
		"alignment":
		{
			"camber": [ 0, 0, 0, 0 ],
			"toe": [ 0, 0, 0, 0 ],
			"staticCamber": [ -3.2425589561462402, -3.2430367469787598, -2.570521354675293, -2.5705351829528809 ],
			"toeOutLinear": [ 0.0019652694463729858, 0.0019652701448649168, -0.0014416984049603343, -0.0014416883932426572 ],
			"casterLF": 46,
			"casterRF": 46,
			"steerRatio": 4
		},
		"electronics":
		{
			"tC1": 9,
			"tC2": 0,
			"abs": 5,
			"eCUMap": 0,
			"fuelMix": 0,
			"telemetryLaps": 6
		},
		"strategy":
		{
			"fuel": 12,
			"nPitStops": 0,
			"tyreSet": 0,
			"frontBrakePadCompound": 0,
			"rearBrakePadCompound": 0,
			"pitStrategy": [
				{
					"fuelToAdd": 0,
					"tyres":
					{
						"tyreCompound": 0,
						"tyrePressure": [ 58, 55, 58, 56 ]
					},
					"tyreSet": 2,
					"frontBrakePadCompound": 1,
					"rearBrakePadCompound": 1
				}
			],
			"fuelPerLap": 2.6522762775421143
		}
	},
	"advancedSetup":
	{
		"mechanicalBalance":
		{
			"aRBFront": 12,
			"aRBRear": 0,
			"wheelRate": [ 5, 5, 2, 2 ],
			"bumpStopRateUp": [ 4, 4, 0, 0 ],
			"bumpStopRateDn": [ 0, 0, 10, 10 ],
			"bumpStopWindow": [ 5, 5, 0, 0 ],
			"brakeTorque": 20,
			"brakeBias": 5
		},
		"dampers":
		{
			"bumpSlow": [ 4, 4, 5, 5 ],
			"bumpFast": [ 8, 8, 8, 8 ],
			"reboundSlow": [ 7, 7, 9, 9 ],
			"reboundFast": [ 8, 8, 10, 10 ]
		},
		"aeroBalance":
		{
			"rideHeight": [ 5, 6, 16, 18 ],
			"rodLength": [ -26.845321655273438, -26.845321655273438, -10.976663589477539, -10.976663589477539 ],
			"splitter": 0,
			"rearWing": 14,
			"brakeDuct": [ 3, 3 ]
		},
		"drivetrain":
		{
			"preload": 15
		}
	},
	"trackBopType": 44
}