{
	"carName": "ferrari_488_gt3_evo",
	"basicSetup":
	{
		"tyres":
		{
			"tyreCompound": 0,
			"tyrePressure": [ 56, 56, 57, 57 ]
		},
		"alignment":
		{
			"camber": [ 0, 0, 0, 0 ],
			"toe": [ 0, 0, 0, 0 ],
			"staticCamber": [ -3.240870475769043, -3.240868091583252, -2.635735034942627, -2.6357178688049316 ],
			"toeOutLinear": [ 0.0019391885725781322, 0.0019391903188079596, -0.0014145298628136516, -0.0014145722379907966 ],
			"casterLF": 56,
			"casterRF": 56,
			"steerRatio": 4
		},
		"electronics":
		{
			"tC1": 7,
			"tC2": 0,
			"abs": 5,
			"eCUMap": 0,
			"fuelMix": 0,
			"telemetryLaps": 6
		},
		"strategy":
		{
			"fuel": 9,
			"nPitStops": 0,
			"tyreSet": 4,
			"frontBrakePadCompound": 0,
			"rearBrakePadCompound": 0,
			"pitStrategy": [
				{
					"fuelToAdd": 0,
					"tyres":
					{
						"tyreCompound": 0,
						"tyrePressure": [ 58, 55, 58, 56 ]
					},
					"tyreSet": 2,
					"frontBrakePadCompound": 1,
					"rearBrakePadCompound": 1
				}
			],
			"fuelPerLap": 2.6438531875610352
		}
	},
	"advancedSetup":
	{
		"mechanicalBalance":
		{
			"aRBFront": 12,
			"aRBRear": 0,
			"wheelRate": [ 7, 7, 2, 2 ],
			"bumpStopRateUp": [ 0, 0, 0, 0 ],
			"bumpStopRateDn": [ 0, 0, 10, 10 ],
			"bumpStopWindow": [ 5, 5, 0, 0 ],
			"brakeTorque": 20,
			"brakeBias": 26
		},
		"dampers":
		{
			"bumpSlow": [ 9, 9, 8, 8 ],
			"bumpFast": [ 8, 8, 8, 8 ],
			"reboundSlow": [ 10, 10, 11, 11 ],
			"reboundFast": [ 8, 8, 10, 10 ]
		},
		"aeroBalance":
		{
			"rideHeight": [ 5, 6, 18, 18 ],
			"rodLength": [ -29.682291030883789, -29.682291030883789, -8.6977958679199219, -8.6977958679199219 ],
			"splitter": 0,
			"rearWing": 14,
			"brakeDuct": [ 3, 3 ]
		},
		"drivetrain":
		{
			"preload": 3
		}
	},
	"trackBopType": 44
}