{
	"carName": "ferrari_488_gt3_evo",
	"basicSetup":
	{
		"tyres":
		{
			"tyreCompound": 0,
			"tyrePressure": [ 57, 57, 57, 56 ]
		},
		"alignment":
		{
			"camber": [ 0, 0, 0, 0 ],
			"toe": [ 0, 0, 5, 5 ],
			"staticCamber": [ -3.2448444366455078, -3.2448484897613525, -2.6792678833007813, -2.6464982032775879 ],
			"toeOutLinear": [ 0.0019457882735878229, 0.001945788855664432, -0.0012998398160561919, -0.0012885915348306298 ],
			"casterLF": 53,
			"casterRF": 53,
			"steerRatio": 4
		},
		"electronics":
		{
			"tC1": 7,
			"tC2": 0,
			"abs": 5,
			"eCUMap": 0,
			"fuelMix": 0,
			"telemetryLaps": 69
		},
		"strategy":
		{
			"fuel": 48,
			"nPitStops": 0,
			"tyreSet": 14,
			"frontBrakePadCompound": 0,
			"rearBrakePadCompound": 0,
			"pitStrategy": [
				{
					"fuelToAdd": 50,
					"tyres":
					{
						"tyreCompound": 0,
						"tyrePressure": [ 57, 57, 57, 56 ]
					},
					"tyreSet": 2,
					"frontBrakePadCompound": 0,
					"rearBrakePadCompound": 0
				}
			],
			"fuelPerLap": 2.6445174217224121
		}
	},
	"advancedSetup":
	{
		"mechanicalBalance":
		{
			"aRBFront": 27,
			"aRBRear": 40,
			"wheelRate": [ 7, 7, 3, 3 ],
			"bumpStopRateUp": [ 10, 10, 0, 0 ],
			"bumpStopRateDn": [ 0, 0, 10, 10 ],
			"bumpStopWindow": [ 2, 2, 0, 0 ],
			"brakeTorque": 20,
			"brakeBias": 25
		},
		"dampers":
		{
			"bumpSlow": [ 7, 7, 5, 5 ],
			"bumpFast": [ 6, 6, 7, 7 ],
			"reboundSlow": [ 7, 7, 7, 7 ],
			"reboundFast": [ 6, 6, 5, 5 ]
		},
		"aeroBalance":
		{
			"rideHeight": [ 5, 6, 18, 18 ],
			"rodLength": [ -29.261543273925781, -29.261543273925781, -9.1235980987548828, -9.1235980987548828 ],
			"splitter": 0,
			"rearWing": 14,
			"brakeDuct": [ 4, 3 ]
		},
		"drivetrain":
		{
			"preload": 5
		}
	},
	"trackBopType": 44
}