{
	"carName": "ferrari_488_gt3_evo",
	"basicSetup":
	{
		"tyres":
		{
			"tyreCompound": 0,
			"tyrePressure": [ 51, 64, 54, 63 ]
		},
		"alignment":
		{
			"camber": [ 0, 0, 0, 0 ],
			"toe": [ 0, 0, 0, 0 ],
			"staticCamber": [ -3.101560115814209, -3.0943670272827148, -2.4815096855163574, -2.4743461608886719 ],
			"toeOutLinear": [ 0.0018452688818797469, 0.0018452657386660576, -0.001476545468904078, -0.0014765141531825066 ],
			"casterLF": 98,
			"casterRF": 98,
			"steerRatio": 2
		},
		"electronics":
		{
			"tC1": 9,
			"tC2": 0,
			"abs": 5,
			"eCUMap": 0,
			"fuelMix": 0,
			"telemetryLaps": 69
		},
		"strategy":
		{
			"fuel": 67,
			"nPitStops": 0,
			"tyreSet": 14,
			"frontBrakePadCompound": 0,
			"rearBrakePadCompound": 0,
			"pitStrategy": [
				{
					"fuelToAdd": 73,
					"tyres":
					{
						"tyreCompound": 0,
						"tyrePressure": [ 51, 64, 54, 63 ]
					},
					"tyreSet": 2,
					"frontBrakePadCompound": 1,
					"rearBrakePadCompound": 1
				}
			],
			"fuelPerLap": 2.2426910400390625
		}
	},
	"advancedSetup":
	{
		"mechanicalBalance":
		{
			"aRBFront": 36,
			"aRBRear": 24,
			"wheelRate": [ 7, 7, 2, 2 ],
			"bumpStopRateUp": [ 2, 2, 0, 0 ],
			"bumpStopRateDn": [ 0, 0, 10, 10 ],
			"bumpStopWindow": [ 4, 4, 8, 8 ],
			"brakeTorque": 20,
			"brakeBias": 25
		},
		"dampers":
		{
			"bumpSlow": [ 6, 6, 2, 2 ],
			"bumpFast": [ 9, 9, 8, 8 ],
			"reboundSlow": [ 8, 8, 8, 8 ],
			"reboundFast": [ 6, 6, 6, 6 ]
		},
		"aeroBalance":
		{
			"rideHeight": [ 0, 6, 12, 18 ],
			"rodLength": [ -33.874805450439453, -33.874805450439453, -12.99965763092041, -12.99965763092041 ],
			"splitter": 0,
			"rearWing": 14,
			"brakeDuct": [ 2, 2 ]
		},
		"drivetrain":
		{
			"preload": 22
		}
	},
	"trackBopType": 51
}